#{"t_start": 1778548220.961131, "env_id": "None"}
r,l,t
1981.0,39,0.672373
1610.0,39,0.689177
1827.0,39,0.707522
1612.0,39,0.725472
1379.0,39,0.744348
1501.0,39,0.762426
1393.0,39,0.779409
1755.0,39,0.796887
2304.0,39,0.814623
1728.0,39,0.833055
1622.0,39,0.851283
1753.0,39,0.869289
1779.0,39,0.887149
1987.0,39,0.904979
1677.0,39,0.923068
1786.0,39,0.941044
1751.0,39,0.958756
1529.0,39,0.976373
1718.0,39,0.993867
1414.0,39,1.011453
2062.0,39,1.028873
1872.0,39,1.046285
1662.0,39,1.062854
1643.0,39,1.080012
1687.0,39,1.098146
1892.0,39,1.116975
1809.0,39,1.134493
2025.0,39,1.151917
1975.0,39,1.16794
1499.0,39,1.186065
1329.0,39,1.204111
1570.0,39,1.21982
1638.0,39,1.235572
1846.0,39,1.251962
2125.0,39,1.26736
1705.0,39,1.283382
1736.0,39,1.30072
1875.0,39,1.317842
1872.0,39,1.334382
1514.0,39,1.351678
1479.0,39,1.369215
1607.0,39,1.384667
1955.0,39,1.401599
1722.0,39,1.418574
1593.0,39,1.434446
2082.0,39,1.451437
1528.0,39,1.469353
1621.0,39,1.486746
1426.0,39,1.504185
1862.0,39,1.520919
1914.0,39,1.539081
2024.0,39,1.55689
1941.0,39,1.574304
1490.0,39,1.592024
1917.0,39,1.609513
1898.0,39,1.627244
1431.0,39,1.645519
1742.0,39,1.663292
1900.0,39,1.679703
1609.0,39,1.697773
1773.0,39,1.715308
1612.0,39,1.73328
1578.0,39,1.750357
1875.0,39,1.76692
1771.0,39,1.785425
1447.0,39,1.803135
2128.0,39,1.820902
1058.0,39,1.839556
1610.0,39,1.85672
1672.0,39,1.87566
1937.0,39,1.893776
1098.0,39,1.91143
1877.0,39,1.929406
1673.0,39,1.947175
1334.0,39,1.965396
1561.0,39,1.983045
1591.0,39,2.000837
1673.0,39,2.018882
1825.0,39,2.037188
1671.0,39,2.055498
1558.0,39,2.072914
1719.0,39,2.090754
2001.0,39,2.108894
1748.0,39,2.125958
2027.0,39,2.143077
1511.0,39,2.161452
1740.0,39,2.179065
1584.0,39,2.197261
1500.0,39,2.215302
2055.0,39,2.233201
1973.0,39,2.250914
1742.0,39,2.268882
1495.0,39,2.286628
1492.0,39,2.304781
1680.0,39,2.322841
1888.0,39,2.340688
1502.0,39,2.358768
2011.0,39,2.37542
1389.0,39,2.392887
1957.0,39,2.410736
981.0,39,2.42854
1728.0,39,2.445956
1854.0,39,2.463227
1490.0,39,2.480976
1762.0,39,2.498976
1870.0,39,2.51583
1653.0,39,2.534651
1960.0,39,2.552732
1924.0,39,2.571229
1828.0,39,2.589893
1733.0,39,2.608312
1529.0,39,2.626711
2039.0,39,2.644702
1533.0,39,2.660659
985.0,39,2.676791
1413.0,39,2.694743
1527.0,39,2.712827
1385.0,39,2.73059
1883.0,39,2.748668
2088.0,39,2.766817
1831.0,39,2.785102
1636.0,39,2.802605
1436.0,39,2.821312
1432.0,39,2.839158
1232.0,39,2.856922
1836.0,39,2.87491
2018.0,39,2.892745
1381.0,39,2.910902
1665.0,39,2.929309
1719.0,39,2.947924
1877.0,39,2.965513
1454.0,39,2.983112
2280.0,39,3.001378
1996.0,39,3.01938
1985.0,39,3.037404
1551.0,39,3.05588
1618.0,39,3.074064
1653.0,39,3.092304
1973.0,39,3.110577
1983.0,39,3.129097
1600.0,39,3.147597
1206.0,39,3.165645
1565.0,39,3.183563
1821.0,39,3.199928
1243.0,39,3.216497
1689.0,39,3.233156
1982.0,39,3.249905
1126.0,39,3.267076
2188.0,39,3.285094
1734.0,39,3.303049
1879.0,39,3.32087
1890.0,39,3.339493
1826.0,39,3.357742
1726.0,39,3.375581
1739.0,39,3.393455
1788.0,39,3.41303
1815.0,39,3.431322
1697.0,39,3.44979
2018.0,39,3.468626
1355.0,39,3.487254
1996.0,39,3.503718
1867.0,39,3.521911
1471.0,39,3.540135
1901.0,39,3.558668
1055.0,39,3.574634
1995.0,39,3.591505
1662.0,39,3.608947
2091.0,39,3.625967
1460.0,39,3.642761
1645.0,39,3.660724
1792.0,39,3.678367
1407.0,39,3.696165
1345.0,39,3.714618
1749.0,39,3.732927
1526.0,39,3.749502
1284.0,39,3.766771
1915.0,39,3.783389
1398.0,39,3.800555
1658.0,39,3.818472
1696.0,39,3.836477
1672.0,39,3.854362
1696.0,39,3.872827
1712.0,39,3.891078
1879.0,39,3.909255
1460.0,39,3.927023
1268.0,39,3.945095
1720.0,39,3.963187
1835.0,39,3.981996
1547.0,39,4.00024
1665.0,39,4.018543
1902.0,39,4.036831
1488.0,39,4.054905
1607.0,39,4.072671
2004.0,39,4.091183
1785.0,39,4.109091
2053.0,39,4.126466
1585.0,39,4.14316
1948.0,39,4.161396
1593.0,39,4.177534
1665.0,39,4.194337
1502.0,39,4.212144
1117.0,39,4.230165
1706.0,39,4.247493
1412.0,39,4.264692
1901.0,39,4.281907
1453.0,39,4.297738
2033.0,39,4.314778
1619.0,39,4.331026
1323.0,39,4.34647
1756.0,39,4.363299
1925.0,39,4.380997
1766.0,39,4.39943
1970.0,39,4.417462
1206.0,39,4.435666
1687.0,39,4.453349
1750.0,39,4.471561
1727.0,39,4.489097
1519.0,39,4.507362
1508.0,39,4.525754
1124.0,39,4.543556
1623.0,39,4.561678
1702.0,39,4.580398
1264.0,39,4.599347
1442.0,39,4.617994
1831.0,39,4.636113
1825.0,39,4.654475
1514.0,39,4.672775
1445.0,39,4.691463
1597.0,39,4.709742
1413.0,39,4.727941
1666.0,39,4.745993
1805.0,39,4.764187
1282.0,39,4.782617
1403.0,39,4.8004
1812.0,39,4.818054
1388.0,39,4.83621
1525.0,39,4.854606
1871.0,39,4.871673
1798.0,39,4.887781
2017.0,39,4.904691
1664.0,39,4.923056
1413.0,39,4.940968
1669.0,39,4.958788
1908.0,39,4.976177
1489.0,39,4.994407
1783.0,39,5.012101
1836.0,39,5.029763
1884.0,39,5.047799
1454.0,39,5.066079
1835.0,39,5.083895
1665.0,39,5.101426
1715.0,39,5.119563
2130.0,39,5.137324
1952.0,39,5.15489
1642.0,39,5.17269
2001.0,39,5.191225
1706.0,39,5.208678
1546.0,39,5.226516
2054.0,39,5.244121
1817.0,39,5.262529
1785.0,39,5.27971
2046.0,39,5.29759
1817.0,39,5.315074
1799.0,39,5.331684
1354.0,39,5.349281
1506.0,39,5.367735
2251.0,39,5.385948
1617.0,39,5.404046
1801.0,39,5.421165
1660.0,39,5.43776
1738.0,39,5.453996
1646.0,39,5.470194
1947.0,39,5.488241
1430.0,39,5.505765
1849.0,39,5.522732
1863.0,39,5.540357
1629.0,39,5.557732
1417.0,39,5.576085
1496.0,39,5.593712
1651.0,39,5.612043
1699.0,39,5.629759
1950.0,39,5.647949
1927.0,39,5.66589
1812.0,39,5.683398
1745.0,39,5.700803
1703.0,39,5.718738
1578.0,39,5.735571
1644.0,39,5.753407
2026.0,39,5.771387
1675.0,39,5.788734
1719.0,39,5.805937
1626.0,39,5.824064
1789.0,39,5.841689
1727.0,39,5.859507
1738.0,39,5.876748
1804.0,39,5.894036
1456.0,39,5.911629
1752.0,39,5.927881
1844.0,39,5.945571
1513.0,39,5.963667
1769.0,39,5.980644
1455.0,39,5.996728
1448.0,39,6.013355
2083.0,39,6.030175
1555.0,39,6.047516
1720.0,39,6.064534
1884.0,39,6.08208
1550.0,39,6.099706
1535.0,39,6.116961
1775.0,39,6.134141
1768.0,39,6.151348
1683.0,39,6.168537
1449.0,39,6.185828
1647.0,39,6.203361
2017.0,39,6.221262
1398.0,39,6.23888
1929.0,39,6.256544
1981.0,39,6.274602
1954.0,39,6.291961
1739.0,39,6.309211
1895.0,39,6.327221
1484.0,39,6.344639
1740.0,39,6.36287
2141.0,39,6.380369
1893.0,39,6.397717
1953.0,39,6.41531
1635.0,39,6.433461
1868.0,39,6.451052
1162.0,39,6.468446
1973.0,39,6.486162
1895.0,39,6.503736
1453.0,39,6.52156
1420.0,39,6.539015
2049.0,39,6.55522
1733.0,39,6.571093
1875.0,39,6.58708
1775.0,39,6.604374
1339.0,39,6.622278
1697.0,39,6.64004
1383.0,39,6.657512
1453.0,39,6.675188
1514.0,39,6.69277
2067.0,39,6.710537
1269.0,39,6.727937
1675.0,39,6.746166
1326.0,39,6.763378
1963.0,39,6.781999
1427.0,39,6.798833
1606.0,39,6.816557
1909.0,39,6.834109
1709.0,39,6.851162
1742.0,39,6.869047
1451.0,39,6.88709
1484.0,39,6.904859
1206.0,39,6.923019
1650.0,39,6.94119
1455.0,39,6.95887
1423.0,39,6.976122
1790.0,39,6.994042
1771.0,39,7.011873
1744.0,39,7.029459
1367.0,39,7.04709
1614.0,39,7.065865
1758.0,39,7.083804
1994.0,39,7.101152
1408.0,39,7.117745
1939.0,39,7.134356
1932.0,39,7.151159
1415.0,39,7.168288
1607.0,39,7.18649
1408.0,39,7.204378
1879.0,39,7.222453
1913.0,39,7.239999
1844.0,39,7.257778
1649.0,39,7.275684
1776.0,39,7.293481
1910.0,39,7.311188
1829.0,39,7.328946
2018.0,39,7.346543
2303.0,39,7.364263
1640.0,39,7.382915
1687.0,39,7.400748
1540.0,39,7.41873
1816.0,39,7.435627
1421.0,39,7.45386
2066.0,39,7.471672
1571.0,39,7.489973
1505.0,39,7.50754
1856.0,39,7.525194
1799.0,39,7.542986
1187.0,39,7.561056
1878.0,39,7.579024
2332.0,39,7.5972
1450.0,39,7.615068
2050.0,39,7.632684
1461.0,39,7.650135
1916.0,39,7.668328
1823.0,39,7.686893
1352.0,39,7.704792
1695.0,39,7.722037
1656.0,39,7.739241
1736.0,39,7.756002
1682.0,39,7.772937
1448.0,39,7.790215
1738.0,39,7.807326
1343.0,39,7.824985
1905.0,39,7.842865
1850.0,39,7.860354
1384.0,39,7.877903
2063.0,39,7.895434
1831.0,39,7.913264
1938.0,39,7.931539
1520.0,39,7.94981
1895.0,39,7.96799
1782.0,39,7.985832
1746.0,39,8.004121
1780.0,39,8.022078
1800.0,39,8.039698
1435.0,39,8.057661
1682.0,39,8.075793
1318.0,39,8.093855
1440.0,39,8.111987
1504.0,39,8.13014
2147.0,39,8.14816
1192.0,39,8.166011
1831.0,39,8.184282
1553.0,39,8.202835
1819.0,39,8.220435
1871.0,39,8.238939
1533.0,39,8.256511
1966.0,39,8.27422
1530.0,39,8.290485
1546.0,39,8.307785
1809.0,39,8.324376
1754.0,39,8.341524
2106.0,39,8.359478
1690.0,39,8.3784
1658.0,39,8.39663
1576.0,39,8.413792
1723.0,39,8.43168
1748.0,39,8.449623
1842.0,39,8.466444
1756.0,39,8.484348
1764.0,39,8.502009
2037.0,39,8.519548
1565.0,39,8.537186
1556.0,39,8.554799
1504.0,39,8.572489
1581.0,39,8.590582
1646.0,39,8.608439
1999.0,39,8.625547
1768.0,39,8.64278
1525.0,39,8.65978
1498.0,39,8.676961
1589.0,39,8.694311
1722.0,39,8.71217
1829.0,39,8.730224
1396.0,39,8.748649
1242.0,39,8.766976
1251.0,39,8.784657
1526.0,39,8.80169
2147.0,39,8.820048
1492.0,39,8.837715
1587.0,39,8.855657
1692.0,39,8.874636
1554.0,39,8.893149
1530.0,39,8.910541
1752.0,39,8.927674
1521.0,39,8.944188
2084.0,39,8.963015
1880.0,39,8.980909
1785.0,39,8.998899
2439.0,39,9.017084
1422.0,39,9.034974
1618.0,39,9.053545
1950.0,39,9.072282
1933.0,39,9.089924
1316.0,39,9.107537
1410.0,39,9.125052
1754.0,39,9.142659
1950.0,39,9.160324
1143.0,39,9.17803
1756.0,39,9.196228
1724.0,39,9.214231
1790.0,39,9.231806
2140.0,39,9.24898
1762.0,39,9.26649
1395.0,39,9.284688
1785.0,39,9.302269
1304.0,39,9.319705
1621.0,39,9.337296
1426.0,39,9.355304
1710.0,39,9.372522
1863.0,39,9.389221
1933.0,39,9.406318
1674.0,39,9.424101
1897.0,39,9.441837
1774.0,39,9.459904
1578.0,39,9.478094
1640.0,39,9.496181
